url_path,views_total,views_unique
/Julia-Tempering/InferenceReport.jl/blob/01f91299fe830feea85f119143b019f5ae10449a/src/InferenceReport.jl,5,1
/Julia-Tempering/InferenceReport.jl/blob/01f91299fe830feea85f119143b019f5ae10449a/src/building_blocks.jl,4,1
/Julia-Tempering/InferenceReport.jl/blob/01f91299fe830feea85f119143b019f5ae10449a/src/processors.jl,3,1
/Julia-Tempering/InferenceReport.jl,2,2
/Julia-Tempering/InferenceReport.jl/blob/01f91299fe830feea85f119143b019f5ae10449a/src/Inference.jl,1,1
/Julia-Tempering/InferenceReport.jl/blob/01f91299fe830feea85f119143b019f5ae10449a/src/ReportOptions.jl,1,1
/Julia-Tempering/InferenceReport.jl/blob/main/src/InferenceReport.jl,1,1
/Julia-Tempering/InferenceReport.jl/blob/main/src/building_blocks.jl,1,1
/Julia-Tempering/InferenceReport.jl/blob/main/src/processors.jl,1,1
/Julia-Tempering/InferenceReport.jl/blob/main/src/utils.jl,1,1
